﻿<?xml version="1.0" encoding="utf-8" ?>
<resources>
  <!--
        Base application theme for API 14+. This theme completely replaces
        AppBaseTheme from BOTH res/values/styles.xml and
        res/values-v11/styles.xml on API 14+ devices.
    -->
  <style name="BaseThemeLight" parent="@android:style/Theme.Holo.Light">
    <!-- API 14 theme customizations can go here. -->
  </style>

  <style name="BaseThemeLightDarkActionBar" parent="@android:style/Theme.Holo.Light.DarkActionBar">
    <!-- API 14 theme customizations can go here. -->
    <item name="drawer_icon">@drawable/ic_drawer_light</item>
    <item name="drawer_shadow">@drawable/drawer_shadow_light</item>
  </style>

  <style name="BaseTheme" parent="@android:style/Theme.Holo">
    <!-- API 14 theme customizations can go here. -->
  </style>


</resources>
